orignal_density,best_fit_density
8.077428713,8.039643999
7.853316274,8.039643999
8.186333795,8.039643999
7.928149524,8.039643999
8.289052625,8.039643999
